Library_Name_s, env_biome_s, env_feature_s, lat, lon
P00007_hudsonmiseq, city, subway, 40.73, 73.99
P00007, city, subway, 40.73, 73.99
P00008_hudsonmiseq, city, park, 40.73, 73.99
P00008, city, park, 40.73, 73.99
P00009_hudsonmiseq, city, park, 40.73, 73.99
P00009, city, park, 40.73, 73.99
P00010_hudsonmiseq, city, park, 40.73, 73.99
P00010, city, park, 40.73, 73.99
P00011_hudsonmiseq, city, park, 40.73, 73.99
P00011, city, park, 40.73, 73.99
P00024_hudsonmiseq, city, park, 40.73, 73.99
P00024, city, park, 40.73, 73.99
P00027_hudsonmiseq, city, subway, 40.74, 73.93
P00027, city, subway, 40.74, 73.93
P00030_hudsonmiseq, city, subway, 40.75, 73.91
P00030, city, subway, 40.75, 73.91
P00031_hudsonmiseq, city, subway, 40.69, 73.96
P00031, city, subway, 40.69, 73.96
P00032_hudsonmiseq, city, subway, 40.74, 73.89
P00032, city, subway, 40.74, 73.89
P00033_hudsonmiseq, city, subway, 40.74, 73.88
P00033, city, subway, 40.74, 73.88
P00034_hudsonmiseq, city, subway, 40.73, 73.87
P00034, city, subway, 40.73, 73.87
P00035_hudsonmiseq, city, subway, 40.72, 73.86
P00035, city, subway, 40.72, 73.86
P00041_hudsonmiseq, city, park, 40.69, 73.97
P00041, city, park, 40.69, 73.97
P00036_hudsonmiseq, city, subway, 40.72, 73.84
P00036, city, subway, 40.72, 73.84
P00042_hudsonmiseq, city, park, 40.69, 73.97
P00042, city, park, 40.69, 73.97
P00046_hiseq, city, subway, 40.76, 73.96
P00046_hudsonmiseq, city, subway, 40.76, 73.96
P00046_miseq, city, subway, 40.76, 73.96
P00047_hiseq, city, subway, 40.75, 73.98
P00047_miseq, city, subway, 40.75, 73.98
P00049_hiseq, city, subway, 40.73, 73.98
P00049_hudsonmiseq, city, subway, 40.73, 73.98
P00049_miseq, city, subway, 40.73, 73.98
P00050_hiseq, city, subway, 40.71, 73.95
P00050_hudsonmiseq, city, subway, 40.71, 73.95
P00050_miseq, city, subway, 40.71, 73.95
P00051_hiseq, city, subway, 40.71, 73.95
P00051_hudsonmiseq, city, subway, 40.71, 73.95
P00051_miseq, city, subway, 40.71, 73.95
P00052_hiseq, city, subway, 40.71, 73.95
P00052_hudsonmiseq, city, subway, 40.71, 73.95
P00052_miseq, city, subway, 40.71, 73.95
P00054_hiseq, city, subway, 40.69, 73.91
P00054_hudsonmiseq, city, subway, 40.69, 73.91
P00054_miseq, city, subway, 40.69, 73.91
P00055_hiseq, city, subway, 40.69, 73.92
P00055_hudsonmiseq, city, subway, 40.69, 73.92
P00055_miseq, city, subway, 40.69, 73.92
P00056_hiseq, city, subway, 40.73, 74.00
P00056_hudsonmiseq, city, subway, 40.73, 74.00
P00056_miseq, city, subway, 40.73, 74.00
P00058_hiseq, city, subway, 40.73, 74.00
P00058_hudsonmiseq, city, subway, 40.73, 74.00
P00058_miseq, city, subway, 40.73, 74.00
P00060_hudsonmiseq, city, subway, 40.73, 73.99
P00060, city, subway, 40.73, 73.99
P00061_hiseq, city, subway, 40.73, 73.99
P00061_hudsonmiseq, city, subway, 40.73, 73.99
P00061_miseq, city, subway, 40.73, 73.99
P00062_hudsonmiseq, city, subway, 40.74, 73.98
P00062, city, subway, 40.74, 73.98
P00063_hudsonmiseq, city, subway, 40.65, 73.96
P00063, city, subway, 40.65, 73.96
P00064, city, subway, 40.65, 73.96
P00066, city, subway, 40.64, 73.96
P00067, city, subway, 40.64, 73.96
P00068_hudsonmiseq, city, subway, 40.63, 73.96
P00068, city, subway, 40.63, 73.96
P00069_hudsonmiseq, city, subway, 40.63, 73.96
P00069, city, subway, 40.63, 73.96
P00070, city, subway, 40.63, 73.96
P00072, city, subway, 40.62, 73.96
P00073, city, subway, 40.62, 73.96
P00074_hudsonmiseq, city, subway, 40.62, 73.96
P00074, city, subway, 40.62, 73.96
P00079, city, subway, 40.59, 73.95
P00080_hiseq, city, subway, 40.59, 73.95
P00080_hudsonmiseq, city, subway, 40.59, 73.95
P00080_miseq, city, subway, 40.59, 73.95
P00081_hiseq, city, subway, 40.57, 73.96
P00081_hudsonmiseq, city, subway, 40.57, 73.96
P00081_miseq, city, subway, 40.57, 73.96
P00083_hudsonmiseq, city, subway, 40.57, 73.96
P00083, city, subway, 40.57, 73.96
P00084_hiseq, city, subway, 40.57, 73.98
P00084_hudsonmiseq, city, subway, 40.57, 73.98
P00084_miseq, city, subway, 40.57, 73.98
P00085_hudsonmiseq, city, subway, 40.57, 73.98
P00085, city, subway, 40.57, 73.98
P00086_hudsonmiseq, city, subway, 40.75, 73.97
P00086, city, subway, 40.75, 73.97
P00087_hiseq, city, subway, 40.75, 73.97
P00087_hudsonmiseq, city, subway, 40.75, 73.97
P00087_miseq, city, subway, 40.75, 73.97
P00088_hiseq, city, subway, 40.76, 73.96
P00088_hudsonmiseq, city, subway, 40.76, 73.96
P00088_miseq, city, subway, 40.76, 73.96
P00089, city, subway, 40.75, 73.98
P00090_hiseq, city, subway, 40.75, 73.98
P00090_hudsonmiseq, city, subway, 40.75, 73.98
P00090_miseq, city, subway, 40.75, 73.98
P00091_hiseq, city, subway, 40.76, 73.96
P00091_hudsonmiseq, city, subway, 40.76, 73.96
P00091_miseq, city, subway, 40.76, 73.96
P00092, city, subway, 40.75, 73.98
P00093_hudsonmiseq, city, subway, 40.75, 73.98
P00093, city, subway, 40.75, 73.98
P00094_hiseq, city, subway, 40.76, 73.96
P00094_hudsonmiseq, city, subway, 40.76, 73.96
P00094_miseq, city, subway, 40.76, 73.96
P00095, city, subway, 40.74, 73.94
P00099, city, subway, 40.75, 73.94
P00100_hudsonmiseq, city, subway, 40.74, 73.93
P00100, city, subway, 40.74, 73.93
P00101, city, subway, 40.74, 73.90
P00102, city, subway, 40.74, 73.90
P00103_hudsonmiseq, city, subway, 40.74, 73.90
P00103, city, subway, 40.74, 73.90
P00107, city, subway, 40.74, 73.86
P00108, city, subway, 40.74, 73.86
P00109_hudsonmiseq, city, subway, 40.74, 73.86
P00109, city, subway, 40.74, 73.86
P00111, city, subway, 40.75, 73.84
P00112_hudsonmiseq, city, subway, 40.75, 73.84
P00112, city, subway, 40.75, 73.84
P00113_hudsonmiseq, city, subway, 40.76, 73.83
P00113, city, subway, 40.76, 73.83
P00114, city, subway, 40.75, 73.83
P00115, city, subway, 40.75, 73.83
P00116, city, subway, 40.71, 74.00
P00117_hudsonmiseq, city, subway, 40.71, 74.00
P00117, city, subway, 40.71, 74.00
P00118_hudsonmiseq, city, subway, 40.71, 73.99
P00118, city, subway, 40.71, 73.99
P00120_hudsonmiseq, city, subway, 40.71, 73.98
P00120, city, subway, 40.71, 73.98
P00122, city, subway, 40.70, 73.95
P00124_hudsonmiseq, city, subway, 40.70, 73.94
P00124, city, subway, 40.70, 73.94
P00125_hudsonmiseq, city, subway, 40.69, 73.93
P00125, city, subway, 40.69, 73.93
P00126, city, subway, 40.69, 73.93
P00127_hudsonmiseq, city, subway, 40.69, 73.92
P00127, city, subway, 40.69, 73.92
P00128_hudsonmiseq, city, subway, 40.71, 73.88
P00128, city, subway, 40.71, 73.88
P00129, city, subway, 40.71, 73.88
P00130_hudsonmiseq, city, subway, 40.71, 73.88
P00130, city, subway, 40.71, 73.88
P00131, city, subway, 40.70, 73.89
P00132_hudsonmiseq, city, subway, 40.70, 73.89
P00132, city, subway, 40.70, 73.89
P00133_hudsonmiseq, city, subway, 40.70, 73.90
P00133, city, subway, 40.70, 73.90
P00134_hudsonmiseq, city, subway, 40.69, 73.93
P00134, city, subway, 40.69, 73.93
P00135_hudsonmiseq, city, subway, 40.67, 73.90
P00135, city, subway, 40.67, 73.90
P00139, city, subway, 40.68, 73.92
P00141, city, subway, 40.67, 73.88
P00143_hudsonmiseq, city, subway, 40.68, 73.87
P00143, city, subway, 40.68, 73.87
P00147, city, subway, 40.69, 73.85
P00148_hudsonmiseq, city, subway, 40.69, 73.85
P00148, city, subway, 40.69, 73.85
P00149_hudsonmiseq, city, subway, 40.69, 73.84
P00149, city, subway, 40.69, 73.84
P00150, city, subway, 40.70, 73.80
P00151_hudsonmiseq, city, subway, 40.70, 73.80
P00151, city, subway, 40.70, 73.80
P00152_hudsonmiseq, city, subway, 40.75, 73.94
P00152, city, subway, 40.75, 73.94
P00153_hudsonmiseq, city, subway, 40.74, 73.98
P00153, city, subway, 40.74, 73.98
P00154, city, subway, 40.74, 73.98
P00155_hudsonmiseq, city, subway, 40.75, 73.98
P00155, city, subway, 40.75, 73.98
P00156_hudsonmiseq, city, subway, 40.86, 73.91
P00156, city, subway, 40.86, 73.91
P00157, city, subway, 40.86, 73.91
P00158_hudsonmiseq, city, subway, 40.86, 73.91
P00158, city, subway, 40.86, 73.91
P00159_hudsonmiseq, city, subway, 40.85, 73.93
P00159, city, subway, 40.85, 73.93
P00160_hudsonmiseq, city, subway, 40.85, 73.93
P00160, city, subway, 40.85, 73.93
P00161, city, subway, 40.85, 73.93
P00162, city, subway, 40.84, 73.93
P00163_hudsonmiseq, city, subway, 40.84, 73.93
P00163, city, subway, 40.84, 73.93
P00164, city, subway, 40.84, 73.93
P00165, city, subway, 40.84, 73.94
P00166_hudsonmiseq, city, subway, 40.84, 73.94
P00166, city, subway, 40.84, 73.94
P00167_hudsonmiseq, city, subway, 40.84, 73.94
P00167, city, subway, 40.84, 73.94
P00168, city, subway, 40.82, 73.94
P00169_hudsonmiseq, city, subway, 40.82, 73.94
P00169, city, subway, 40.82, 73.94
P00170_hudsonmiseq, city, subway, 40.82, 73.94
P00170, city, subway, 40.82, 73.94
P00171_hudsonmiseq, city, subway, 40.81, 73.95
P00171, city, subway, 40.81, 73.95
P00172, city, subway, 40.81, 73.95
P00173_hudsonmiseq, city, subway, 40.81, 73.95
P00173, city, subway, 40.81, 73.95
P00174_hudsonmiseq, city, subway, 40.76, 73.95
P00174, city, subway, 40.76, 73.95
P00175, city, subway, 40.73, 74.00
P00176_hudsonmiseq, city, subway, 40.73, 74.00
P00176, city, subway, 40.73, 74.00
P00177_hudsonmiseq, city, subway, 40.74, 73.98
P00177, city, subway, 40.74, 73.98
P00178, city, subway, 40.71, 73.99
P00179_hudsonmiseq, city, subway, 40.71, 73.99
P00179, city, subway, 40.71, 73.99
P00180_hudsonmiseq, city, subway, 40.70, 73.98
P00180, city, subway, 40.70, 73.98
P00181, city, subway, 40.68, 73.97
P00182_hudsonmiseq, city, subway, 40.68, 73.97
P00182, city, subway, 40.68, 73.97
P00183_hudsonmiseq, city, subway, 40.68, 73.97
P00183, city, subway, 40.68, 73.97
P00184_hudsonmiseq, city, subway, 40.65, 74.00
P00184, city, subway, 40.65, 74.00
P00185, city, subway, 40.65, 74.00
P00186_hudsonmiseq, city, subway, 40.64, 73.99
P00186, city, subway, 40.64, 73.99
P00187_hudsonmiseq, city, subway, 40.64, 73.99
P00187, city, subway, 40.64, 73.99
P00188, city, subway, 40.64, 73.99
P00189_hudsonmiseq, city, subway, 40.63, 73.99
P00189, city, subway, 40.63, 73.99
P00190, city, subway, 40.63, 73.99
P00191, city, subway, 40.63, 73.99
P00192, city, subway, 40.61, 73.99
P00193, city, subway, 40.61, 73.99
P00194, city, subway, 40.61, 73.99
P00195, city, subway, 40.61, 74.00
P00196, city, subway, 40.60, 74.00
P00197, city, subway, 40.60, 74.00
P00198, city, subway, 40.60, 74.00
P00199, city, subway, 40.59, 73.98
P00200, city, subway, 40.59, 73.98
P00201, city, subway, 40.60, 73.99
P00202, city, subway, 40.57, 73.98
P00203, city, subway, 40.57, 73.98
P00204, city, subway, 40.57, 73.98
P00205, city, subway, 40.66, 73.98
P00206, city, subway, 40.66, 73.98
P00207, city, subway, 40.66, 73.98
P00208, city, subway, 40.64, 73.97
P00209, city, subway, 40.64, 73.97
P00210, city, subway, 40.66, 73.98
P00211, city, subway, 40.75, 73.98
P00212, city, subway, 40.75, 73.98
P00213, city, subway, 40.76, 73.98
P00214, city, subway, 40.76, 73.98
P00215, city, subway, 40.76, 73.98
P00216, city, subway, 40.78, 73.97
P00217, city, subway, 40.79, 73.97
P00218, city, subway, 40.86, 73.91
P00219, city, subway, 40.88, 73.90
P00220, city, subway, 40.80, 73.95
P00221, city, subway, 40.88, 73.89
P00222, city, subway, 40.87, 73.90
P00223, city, subway, 40.87, 73.91
P00224, city, subway, 40.86, 73.92
P00225, city, subway, 40.86, 73.92
P00226, city, subway, 40.80, 73.96
P00227, city, subway, 40.88, 73.89
P00228, city, subway, 40.88, 73.89
P00229, city, subway, 40.87, 73.90
P00230, city, subway, 40.87, 73.90
P00231, city, subway, 40.86, 73.92
P00232, city, subway, 40.86, 73.92
P00233, city, subway, 40.84, 73.94
P00234, city, subway, 40.84, 73.94
P00235, city, subway, 40.82, 73.95
P00236, city, subway, 40.82, 73.95
P00237, city, subway, 40.80, 73.96
P00238, city, subway, 40.80, 73.96
P00239, city, subway, 40.79, 73.96
P00240, city, subway, 40.79, 73.96
P00241, city, subway, 40.79, 73.97
P00242, city, subway, 40.79, 73.97
P00243, city, subway, 40.77, 73.98
P00244, city, subway, 40.77, 73.98
P00245, city, subway, 40.77, 73.98
P00246, city, subway, 40.77, 73.98
P00247, city, subway, 40.75, 73.99
P00248, city, subway, 40.68, 74.01
P00251, city, ferry, 40.68, 74.01
P00252, city, park, 40.69, 74.00
P00254, city, airport, 49.00, 74.01
P00257, city, subway, 40.68, 74.01
P00259, city, ferry, 40.69, 74.00
P00260, city, subway, 40.75, 73.97
P00261, city, subway, 40.75, 73.97
P00262, city, subway, 40.75, 73.97
P00263, city, subway, 40.75, 73.97
P00264, city, subway, 40.75, 73.97
P00265, city, subway, 40.75, 73.97
P00266, city, subway, 40.75, 73.97
P00267, city, subway, 40.75, 73.97
P00268, city, subway, 40.75, 73.97
P00269, city, subway, 40.75, 73.97
P00270, city, subway, 40.75, 73.97
P00271, city, subway, 40.75, 73.98
P00272, city, subway, 40.75, 73.98
P00273, city, subway, 40.75, 73.98
P00274, city, subway, 40.74, 73.98
P00275, city, subway, 40.74, 73.98
P00276, city, subway, 40.74, 73.98
P00277, city, subway, 40.74, 73.98
P00278, city, subway, 40.74, 73.98
P00279, city, subway, 40.73, 73.99
P00280, city, subway, 40.73, 73.99
P00281, city, subway, 40.73, 73.99
P00282, city, subway, 40.73, 73.99
P00283, city, subway, 40.72, 73.99
P00284, city, subway, 40.72, 73.99
P00285, city, subway, 40.72, 73.99
P00286, city, subway, 40.71, 74.00
P00287, city, subway, 40.71, 74.00
P00288, city, subway, 40.71, 74.00
P00289, city, subway, 40.71, 74.00
P00290, city, subway, 40.71, 74.01
P00291, city, subway, 40.71, 74.01
P00292, city, subway, 40.70, 74.01
P00293, city, subway, 40.70, 74.01
P00294, city, subway, 40.70, 74.01
P00295, city, subway, 40.70, 74.01
P00296, city, subway, 40.71, 74.00
P00297, city, subway, 40.69, 73.99
P00298, city, subway, 40.69, 73.99
P00299, city, subway, 40.69, 73.98
P00300, city, subway, 40.76, 73.98
P00301, city, subway, 40.76, 73.98
P00302, city, subway, 40.76, 73.98
P00303, city, subway, 40.75, 73.98
P00304, city, subway, 40.75, 73.98
P00305, city, subway, 40.75, 73.98
P00306, city, subway, 40.75, 73.99
P00307, city, subway, 40.75, 73.99
P00308, city, subway, 40.75, 73.99
P00309, city, subway, 40.72, 74.00
P00310, city, subway, 40.72, 74.00
P00311, city, subway, 40.72, 74.00
P00312, city, subway, 40.73, 74.00
P00313, city, subway, 40.73, 74.00
P00314, city, subway, 40.73, 74.00
P00315, city, subway, 40.74, 74.00
P00316, city, subway, 40.74, 74.00
P00317, city, subway, 40.74, 74.00
P00318, city, subway, 40.26, 74.77
P00319, city, subway, 40.26, 74.77
P00320, city, subway, 40.80, 73.95
P00321, city, subway, 40.80, 73.95
P00322, city, subway, 40.80, 73.95
P00323, city, subway, 40.79, 73.96
P00324, city, subway, 40.79, 73.96
P00325, city, subway, 40.79, 73.96
P00326, city, subway, 40.78, 73.97
P00327, city, subway, 40.78, 73.97
P00328, city, subway, 40.78, 73.97
P00329, city, subway, 40.71, 74.00
P00330, city, subway, 40.75, 73.98
P00331, city, subway, 40.75, 73.98
P00332, city, subway, 40.74, 73.99
P00333, city, subway, 40.74, 73.99
P00334, city, subway, 40.81, 73.94
P00335, city, subway, 40.73, 74.00
P00336, city, subway, 40.73, 74.00
P00337, city, subway, 40.71, 74.01
P00338, city, subway, 40.72, 74.00
P00339, city, subway, 40.72, 74.00
P00340, city, subway, 40.71, 74.01
P00341, city, subway, 40.71, 74.00
P00342, city, subway, 40.71, 74.00
P00343, city, subway, 40.70, 74.01
P00344, city, subway, 40.70, 74.01
P00345, city, subway, 40.64, 74.07
P00347, city, subway, 40.64, 74.06
P00348, city, subway, 40.62, 74.07
P00349, city, subway, 40.58, 74.10
P00350, city, subway, 40.55, 74.15
P00351, city, subway, 40.53, 74.18
P00352, city, subway, 40.52, 74.20
P00353, city, subway, 40.51, 74.23
P00354, city, subway, 40.52, 40.52
P00355, city, subway, 40.52, 40.52
P00356, city, subway, 40.51, 74.22
P00357, city, subway, 40.52, 74.19
P00358, city, subway, 40.54, 74.16
P00359, city, subway, 40.55, 74.13
P00360, city, subway, 40.58, 74.09
P00361, city, subway, 40.64, 74.07
P00362, city, subway, 40.64, 74.07
P00363, city, subway, 40.64, 74.07
P00365, city, subway, 40.64, 74.07
P00366, city, subway, 40.64, 74.07
P00367, city, subway, 40.64, 74.07
P00368, city, subway, 40.73, 74.00
P00369, city, subway, 40.73, 74.00
P00370, city, subway, 40.75, 73.94
P00371, city, subway, 40.75, 73.94
P00372, city, subway, 40.75, 73.93
P00373, city, subway, 40.75, 73.92
P00374, city, subway, 40.75, 73.92
P00375, city, subway, 40.75, 73.92
P00376, city, subway, 40.76, 73.92
P00377, city, subway, 40.76, 73.92
P00378, city, subway, 40.76, 73.92
P00379, city, subway, 40.77, 73.91
P00380, city, subway, 40.77, 73.91
P00381, city, subway, 40.78, 73.98
P00382, city, subway, 40.68, 73.96
P00383, city, subway, 40.68, 73.96
P00384, city, subway, 40.68, 73.97
P00385, city, subway, 40.68, 73.95
P00386, city, subway, 40.68, 73.95
P00387, city, subway, 40.68, 73.97
P00388, city, subway, 40.73, 73.95
P00389, city, subway, 40.73, 73.95
P00390, city, subway, 40.68, 73.97
P00391, city, subway, 40.67, 73.99
P00392, city, subway, 40.67, 73.99
P00393, city, subway, 40.67, 73.99
P00394, city, subway, 40.68, 73.97
P00395, city, subway, 40.68, 73.97
P00396, city, subway, 40.67, 73.99
P00397, city, subway, 40.70, 73.95
P00398, city, subway, 40.70, 73.95
P00399, city, subway, 40.67, 73.99
P00400, city, subway, 40.71, 73.95
P00401, city, subway, 40.71, 73.95
P00402, city, subway, 40.74, 73.94
P00403, city, subway, 40.74, 73.94
P00404, city, subway, 40.68, 73.97
P00405, city, subway, 40.74, 73.94
P00406, city, subway, 40.74, 73.94
P00408, city, subway, 40.69, 73.98
P00409, city, subway, 40.68, 73.97
P00410, city, subway, 40.68, 73.97
P00411, city, subway, 40.67, 73.98
P00412, city, subway, 40.67, 73.98
P00413, city, subway, 40.75, 73.92
P00414, city, subway, 40.75, 73.92
P00415, city, subway, 40.64, 74.01
P00416, city, subway, 40.64, 74.01
P00417, city, subway, 40.61, 74.03
P00419, city, subway, 40.70, 74.00
P00420, city, subway, 40.70, 74.00
P00421, city, subway, 40.77, 73.91
P00422, city, subway, 40.74, 73.94
P00423, city, subway, 40.74, 73.94
P00424, city, subway, 40.74, 73.94
P00425, city, subway, 40.74, 73.93
P00426, city, subway, 40.74, 73.93
P00427, city, subway, 40.74, 73.94
P00428, city, subway, 40.74, 73.89
P00429, city, subway, 40.74, 73.89
P00430, city, subway, 40.74, 73.88
P00431, city, subway, 40.72, 73.84
P00432, city, subway, 40.72, 73.84
P00433, city, subway, 40.74, 73.88
P00434, city, subway, 40.71, 73.83
P00435, city, subway, 40.71, 73.83
P00436, city, subway, 40.74, 73.88
P00437, city, subway, 40.70, 73.82
P00438, city, subway, 40.70, 73.82
P00439, city, subway, 40.74, 73.88
P00440, city, subway, 40.70, 73.80
P00441, city, subway, 40.70, 73.80
P00442, city, subway, 40.70, 73.80
P00443, city, subway, 40.71, 73.79
P00444, city, subway, 40.71, 73.79
P00445, city, subway, 40.70, 73.80
P00446, city, subway, 40.71, 73.78
P00447, city, subway, 40.71, 73.78
P00448, city, subway, 40.71, 73.78
P00449, city, subway, 40.71, 73.79
P00450, city, subway, 40.70, 73.80
P00451, city, subway, 40.70, 73.80
P00452, city, subway, 40.71, 74.00
P00453, city, subway, 40.71, 74.00
P00454, city, subway, 40.71, 74.00
P00455, city, subway, 40.71, 74.00
P00456, city, subway, 40.71, 74.00
P00457, city, subway, 40.69, 73.99
P00458, city, subway, 40.69, 73.99
P00459, city, subway, 40.69, 73.99
P00460, city, subway, 40.69, 73.98
P00461, city, subway, 40.69, 73.98
P00462, city, subway, 40.69, 73.98
P00463, city, subway, 40.68, 73.98
P00464, city, subway, 40.68, 73.98
P00465, city, subway, 40.68, 73.98
P00466, city, subway, 40.68, 73.96
P00467, city, subway, 40.68, 73.96
P00468, city, subway, 40.68, 73.96
P00469, city, subway, 40.79, 73.97
P00470, city, subway, 40.70, 74.00
P00471, city, subway, 40.80, 73.94
P00472, city, subway, 40.80, 73.94
P00473, city, subway, 40.81, 73.94
P00474, city, subway, 40.80, 73.94
P00475, city, subway, 40.81, 73.92
P00476, city, subway, 40.81, 73.92
P00477, city, subway, 40.81, 73.91
P00478, city, subway, 40.81, 73.91
P00479, city, subway, 40.81, 73.90
P00480, city, subway, 40.81, 73.90
P00481, city, subway, 40.81, 73.90
P00482, city, subway, 40.81, 73.90
P00483, city, subway, 40.82, 73.89
P00484, city, subway, 40.82, 73.89
P00485, city, subway, 40.82, 73.89
P00486, city, subway, 40.82, 73.89
P00487, city, subway, 40.82, 73.89
P00488, city, subway, 40.82, 73.89
P00489, city, subway, 40.83, 73.88
P00490, city, subway, 40.83, 73.88
P00491, city, subway, 40.84, 73.88
P00492, city, subway, 40.84, 73.88
P00493, city, subway, 40.84, 73.87
P00494, city, subway, 40.84, 73.87
P00495, city, subway, 40.84, 73.86
P00496, city, subway, 40.84, 73.86
P00497, city, subway, 40.85, 73.86
P00498, city, subway, 40.85, 73.86
P00499, city, subway, 40.86, 73.86
P00500, city, subway, 40.86, 73.86
P00501, city, subway, 40.87, 73.86
P00502, city, subway, 40.87, 73.86
P00503, city, subway, 40.87, 73.86
P00504, city, subway, 40.87, 73.86
P00505, city, subway, 40.88, 73.86
P00506, city, subway, 40.88, 73.86
P00507, city, subway, 40.88, 73.86
P00508, city, subway, 40.88, 73.86
P00509, city, subway, 40.89, 73.85
P00510, city, subway, 40.89, 73.85
P00511, city, subway, 40.89, 73.85
P00512, city, subway, 40.89, 73.85
P00513, city, subway, 40.90, 73.85
P00514, city, subway, 40.90, 73.85
P00515, city, subway, 40.90, 73.85
P00516, city, subway, 40.90, 73.84
P00517, city, subway, 40.89, 73.85
P00518, city, subway, 40.88, 73.85
P00519, city, subway, 40.69, 73.99
P00520, city, subway, 40.69, 73.99
P00521, city, subway, 40.68, 73.97
P00522, city, subway, 40.68, 73.98
P00523, city, subway, 40.68, 73.98
P00524, city, subway, 40.68, 73.97
P00525, city, subway, 40.68, 73.97
P00526, city, subway, 40.68, 73.97
P00527, city, subway, 40.68, 73.97
P00529, city, subway, 40.68, 73.99
P00530, city, subway, 40.71, 73.94
P00531, city, subway, 40.71, 73.94
P00532, city, subway, 40.71, 73.94
P00533, city, subway, 40.70, 73.93
P00535, city, subway, 40.70, 73.93
P00536, city, subway, 40.70, 73.93
P00537, city, subway, 40.70, 73.91
P00538, city, subway, 40.69, 73.98
P00539, city, subway, 40.68, 73.90
P00540, city, subway, 40.68, 73.90
P00541, city, subway, 40.68, 73.90
P00542, city, subway, 40.68, 73.90
P00543, city, subway, 40.67, 73.90
P00544, city, subway, 40.67, 73.90
P00545, city, subway, 40.66, 73.90
P00546, city, subway, 40.66, 73.90
P00547, city, subway, 40.66, 73.90
P00548, city, subway, 40.66, 73.90
P00549, city, subway, 40.65, 73.89
P00550, city, subway, 40.65, 73.89
P00551, city, subway, 40.64, 73.90
P00552, city, subway, 40.64, 73.90
P00553, city, subway, 40.64, 73.90
P00554, city, subway, 40.67, 73.97
P00555, city, subway, 40.67, 73.97
P00556, city, subway, 40.67, 73.95
P00557, city, subway, 40.67, 73.95
P00558, city, subway, 40.67, 73.97
P00559, city, subway, 40.66, 73.95
P00560, city, subway, 40.66, 73.95
P00561, city, subway, 40.67, 73.95
P00562, city, subway, 40.66, 73.93
P00563, city, subway, 40.66, 73.93
P00564, city, subway, 40.67, 73.91
P00565, city, subway, 40.71, 74.00
P00566, city, subway, 40.69, 73.91
P00567, city, subway, 40.66, 73.89
P00568, city, subway, 40.71, 74.00
P00569, city, subway, 40.70, 74.00
P00570, city, subway, 40.70, 73.99
P00571, city, subway, 40.69, 73.99
P00572, city, subway, 40.69, 73.98
P00573, city, subway, 40.69, 73.98
P00574, city, subway, 40.69, 73.98
P00575, city, subway, 40.75, 73.98
P00576, city, subway, 40.75, 73.97
P00577, city, subway, 40.75, 73.97
P00578, city, subway, 40.75, 73.97
P00579, city, subway, 40.75, 73.97
P00580, city, subway, 40.74, 73.98
P00581, city, subway, 40.74, 73.98
P00582, city, subway, 40.74, 73.98
P00583, city, subway, 40.74, 73.98
P00584, city, subway, 40.73, 73.98
P00585, city, subway, 40.73, 73.98
P00586, city, subway, 40.73, 73.99
P00587, city, subway, 40.73, 73.99
P00588, city, subway, 40.72, 73.99
P00589, city, subway, 40.72, 73.99
P00590, city, subway, 40.72, 73.99
P00591, city, subway, 40.72, 73.99
P00592, city, subway, 40.71, 74.00
P00593, city, subway, 40.71, 74.00
P00594, city, subway, 40.72, 73.99
P00595, city, subway, 40.72, 73.99
P00596, city, subway, 40.75, 73.97
P00597, city, subway, 40.75, 73.97
P00598, city, subway, 40.76, 73.96
P00599, city, subway, 40.76, 73.96
P00600, city, subway, 40.77, 73.95
P00601, city, subway, 40.77, 73.95
P00602, city, subway, 40.77, 73.95
P00603, city, subway, 40.77, 73.95
P00604, city, subway, 40.78, 73.95
P00605, city, subway, 40.78, 73.95
P00606, city, subway, 40.79, 73.94
P00607, city, subway, 40.79, 73.94
P00608, city, subway, 40.79, 73.94
P00609, city, subway, 40.79, 73.94
P00610, city, subway, 40.79, 73.94
P00611, city, subway, 40.79, 73.94
P00612, city, subway, 40.80, 73.93
P00613, city, subway, 40.80, 73.93
P00614, city, subway, 40.81, 73.92
P00615, city, subway, 40.81, 73.92
P00616, city, subway, 40.80, 73.91
P00617, city, subway, 40.80, 73.91
P00618, city, subway, 40.80, 73.91
P00619, city, subway, 40.80, 73.91
P00620, city, subway, 40.80, 73.91
P00621, city, subway, 40.80, 73.91
P00622, city, subway, 40.80, 73.91
P00623, city, subway, 40.81, 73.90
P00624, city, subway, 40.80, 73.91
P00625, city, subway, 40.81, 73.90
P00626, city, subway, 40.83, 73.93
P00627, city, subway, 40.83, 73.93
P00628, city, subway, 40.83, 73.93
P00629, city, subway, 40.83, 73.93
P00630, city, subway, 40.83, 73.93
P00631, city, subway, 40.83, 73.93
P00632, city, subway, 40.83, 73.93
P00633, city, subway, 40.83, 73.94
P00634, city, subway, 40.83, 73.94
P00635, city, subway, 40.83, 73.94
P00636, city, subway, 40.81, 73.94
P00637, city, subway, 40.81, 73.94
P00638, city, subway, 40.81, 73.94
P00639, city, subway, 40.81, 73.94
P00640, city, subway, 40.80, 73.95
P00641, city, subway, 40.80, 73.95
P00642, city, subway, 40.80, 73.95
P00643, city, subway, 40.79, 73.96
P00644, city, subway, 40.79, 73.96
P00645, city, subway, 40.79, 73.96
P00646, city, subway, 40.79, 73.97
P00647, city, subway, 40.78, 73.96
P00648, city, subway, 40.78, 73.96
P00649, city, subway, 40.78, 73.96
P00650, city, subway, 40.78, 73.96
P00651, city, subway, 40.77, 73.97
P00652, city, subway, 40.77, 73.97
P00653, city, subway, 40.77, 73.97
P00654, city, subway, 40.77, 73.97
P00655, city, subway, 40.86, 73.92
P00656, city, subway, 40.86, 73.92
P00657, city, subway, 40.85, 73.93
P00658, city, subway, 40.85, 73.93
P00659, city, subway, 40.79, 73.95
P00660, city, subway, 40.79, 73.95
P00661, city, subway, 40.82, 73.93
P00662, city, subway, 40.82, 73.93
P00663, city, subway, 40.82, 73.93
P00664, city, subway, 40.82, 73.93
P00665, city, subway, 40.80, 73.94
P00666, city, subway, 40.80, 73.94
P00667, city, subway, 40.82, 73.93
P00668, city, subway, 40.82, 73.93
P00669, city, subway, 40.80, 73.94
P00670, city, subway, 40.80, 73.94
P00671, city, subway, 40.80, 73.94
P00672, city, subway, 40.74, 73.99
P00673, city, subway, 40.74, 73.99
P00674, city, subway, 40.74, 73.99
P00675, city, subway, 40.74, 73.99
P00676, city, subway, 40.76, 73.98
P00677, city, subway, 40.76, 73.98
P00678, city, subway, 40.76, 73.98
P00679, city, subway, 40.78, 73.98
P00680, city, subway, 40.78, 73.97
P00681, city, subway, 40.78, 73.97
P00682, city, subway, 40.78, 73.98
P00683, city, subway, 40.78, 73.97
P00684, city, subway, 40.78, 73.97
P00685, city, subway, 40.78, 73.97
P00686, city, subway, 40.80, 73.96
P00687, city, subway, 40.80, 73.96
P00688, city, subway, 40.80, 73.96
P00689, city, subway, 40.81, 73.95
P00690, city, subway, 40.81, 73.95
P00691, city, subway, 40.81, 73.95
P00692, city, subway, 40.82, 73.95
P00693, city, subway, 40.82, 73.95
P00694, city, subway, 40.82, 73.94
P00695, city, subway, 40.83, 73.94
P00696, city, subway, 40.83, 73.94
P00697, city, subway, 40.83, 73.94
P00698, city, subway, 40.84, 73.93
P00699, city, subway, 40.84, 73.93
P00700, city, subway, 40.84, 73.93
P00701, city, subway, 40.85, 73.92
P00702, city, subway, 40.85, 73.92
P00703, city, subway, 40.84, 73.93
P00704, city, subway, 40.86, 73.92
P00705, city, subway, 40.86, 73.91
P00706, city, subway, 40.86, 73.91
P00707, city, subway, 40.86, 73.91
P00708, city, subway, 40.86, 73.91
P00709, city, subway, 40.87, 73.91
P00710, city, subway, 40.87, 73.90
P00711, city, subway, 40.87, 73.90
P00712, city, subway, 40.88, 73.90
P00713, city, subway, 40.88, 73.90
P00714, city, subway, 40.87, 73.90
P00715, city, subway, 40.86, 73.91
P00716, city, subway, 40.74, 73.99
P00717, city, subway, 40.74, 73.99
P00718, city, subway, 40.72, 74.00
P00719, city, subway, 40.72, 74.00
P00720, city, subway, 40.71, 74.00
P00721, city, subway, 40.71, 74.00
P00722, city, subway, 40.70, 74.01
P00723, city, subway, 40.70, 74.01
P00724, city, subway, 40.70, 74.01
P00725, city, subway, 40.70, 74.01
P00726, city, subway, 40.70, 74.00
P00727, city, subway, 40.70, 74.00
P00728, city, subway, 40.70, 74.00
P00729, city, subway, 40.70, 74.00
P00730, city, subway, 40.70, 74.00
P00731, city, subway, 40.71, 74.00
P00732, city, subway, 40.71, 74.00
P00733, city, subway, 40.76, 73.98
P00734, city, subway, 40.76, 73.98
P00735, city, subway, 40.76, 73.98
P00736, city, subway, 40.76, 73.98
P00737, city, subway, 40.75, 73.99
P00738, city, subway, 40.75, 73.99
P00739, city, subway, 40.74, 73.99
P00740, city, subway, 40.74, 73.99
P00741, city, subway, 40.72, 74.00
P00742, city, subway, 40.72, 74.00
P00743, city, subway, 40.71, 74.00
P00744, city, subway, 40.71, 74.00
P00745, city, subway, 40.71, 74.00
P00746, city, subway, 40.80, 73.94
P00747, city, subway, 40.70, 74.01
P00748, city, subway, 40.70, 74.01
P00749, city, subway, 40.77, 73.91
P00751, city, subway, 40.75, 73.95
P00752, city, subway, 40.76, 73.97
P00753, city, subway, 40.76, 73.97
P00754, city, subway, 40.75, 73.96
P00755, city, subway, 40.75, 73.96
P00756, city, subway, 40.75, 73.95
P00757, city, subway, 40.75, 73.95
P00758, city, subway, 40.73, 73.98
P00759, city, subway, 40.73, 73.98
P00760, city, subway, 40.73, 73.98
P00761, city, subway, 40.73, 73.98
P00762, city, subway, 40.73, 73.98
P00763, city, subway, 40.72, 73.96
P00764, city, subway, 40.71, 73.98
P00765, city, subway, 40.70, 73.95
P00766, city, subway, 40.70, 73.95
P00767, city, subway, 40.70, 73.95
P00768, city, subway, 40.70, 73.94
P00769, city, subway, 40.70, 73.94
P00770, city, subway, 40.70, 73.94
P00771, city, subway, 40.70, 73.94
P00772, city, subway, 40.70, 73.94
P00773, city, subway, 40.76, 73.98
P00774, city, subway, 40.72, 73.99
P00775, city, subway, 40.75, 73.98
P00776, city, subway, 40.75, 73.98
P00777, city, subway, 40.75, 73.98
P00778, city, subway, 40.75, 73.98
P00779, city, subway, 40.76, 73.98
P00780, city, subway, 40.76, 73.98
P00781, city, subway, 40.59, 73.95
P00782, city, subway, 40.78, 73.95
P00783, city, subway, 40.59, 73.97
P00784, city, subway, 40.79, 73.94
P00785, city, subway, 40.80, 73.95
P00786, city, subway, 40.80, 73.95
P00787, city, subway, 40.81, 73.95
P00788, city, subway, 40.81, 73.95
P00789, city, subway, 40.81, 73.94
P00790, city, subway, 40.81, 73.94
P00791, city, subway, 40.83, 73.93
P00792, city, subway, 40.83, 73.93
P00793, city, subway, 40.83, 73.93
P00794, city, subway, 40.83, 73.92
P00795, city, subway, 40.83, 73.92
P00796, city, subway, 40.83, 73.91
P00797, city, subway, 40.84, 73.91
P00798, city, subway, 40.84, 73.91
P00799, city, subway, 40.75, 73.95
P00800, city, subway, 40.76, 73.95
P00801, city, subway, 40.76, 73.96
P00802, city, subway, 40.76, 73.97
P00803, city, subway, 40.76, 73.97
P00804, city, subway, 40.76, 73.97
P00805, city, subway, 40.74, 73.99
P00806, city, subway, 40.74, 73.99
P00807, city, subway, 40.72, 73.98
P00808, city, subway, 40.72, 73.98
P00809, city, subway, 40.71, 73.99
P00810, city, subway, 40.71, 73.99
P00811, city, subway, 40.76, 73.97
P00812, city, subway, 40.62, 73.97
P00813, city, subway, 40.76, 73.97
P00814, city, subway, 40.76, 73.98
P00815, city, subway, 40.76, 73.98
P00816, city, subway, 40.76, 73.96
P00817, city, subway, 40.76, 73.96
P00818, city, subway, 40.76, 73.97
P00819, city, subway, 40.76, 73.97
P00820, city, subway, 40.75, 73.98
P00821, city, subway, 40.75, 73.98
P00822, city, subway, 40.75, 73.98
P00823, city, subway, 40.75, 73.98
P00824, city, subway, 40.74, 73.99
P00825, city, subway, 40.74, 73.99
P00826, city, subway, 40.74, 73.99
P00827, city, subway, 40.74, 73.99
P00828, city, subway, 40.73, 73.99
P00829, city, subway, 40.73, 73.99
P00830, city, subway, 40.73, 74.00
P00831, city, subway, 40.73, 74.00
P00832, city, subway, 40.72, 73.99
P00833, city, subway, 40.72, 73.99
P00834, city, subway, 40.72, 73.98
P00835, city, subway, 40.72, 73.98
P00836, city, subway, 40.71, 73.98
P00837, city, subway, 40.71, 73.98
P00838, city, subway, 40.75, 73.98
P00839, city, subway, 40.76, 73.98
P00840, city, subway, 40.76, 73.97
P00841, city, subway, 40.76, 73.97
P00842, city, subway, 40.76, 73.96
P00843, city, subway, 40.75, 73.95
P00844, city, subway, 40.72, 73.99
P00845, city, subway, 40.72, 73.99
P00846, city, subway, 40.71, 74.00
P00847, city, subway, 40.71, 74.00
P00848, city, subway, 40.71, 74.00
P00849, city, subway, 40.71, 74.00
P00850, city, subway, 40.71, 73.99
P00851, city, subway, 40.71, 73.99
P00852, city, subway, 40.70, 74.01
P00853, city, subway, 40.70, 74.01
P00854, city, subway, 40.71, 73.99
P00855, city, subway, 40.71, 73.99
P00856, city, subway, 40.70, 73.81
P00857, city, subway, 40.70, 73.81
P00858, city, subway, 40.75, 73.58
P00859, city, subway, 40.70, 73.81
P00860, city, subway, 40.70, 73.81
P00861, city, subway, 40.70, 73.82
P00862, city, subway, 40.70, 73.82
P00863, city, subway, 40.70, 73.82
P00864, city, subway, 40.70, 73.83
P00865, city, subway, 40.69, 73.83
P00866, city, subway, 40.69, 73.83
P00867, city, subway, 40.69, 73.98
P00868, city, subway, 40.69, 73.84
P00869, city, subway, 40.69, 73.84
P00870, city, subway, 40.69, 73.84
P00871, city, subway, 40.69, 73.86
P00872, city, subway, 40.69, 73.86
P00873, city, subway, 40.69, 73.86
P00874, city, subway, 40.71, 73.83
P00875, city, subway, 40.69, 73.85
P00876, city, subway, 40.69, 73.84
P00877, city, subway, 40.69, 73.84
P00878, city, subway, 40.71, 73.83
P00880, city, subway, 40.71, 73.82
P00881, city, subway, 40.71, 73.82
P00882, city, subway, 40.71, 73.82
P00883, city, subway, 40.72, 73.85
P00884, city, subway, 40.72, 73.85
P00886, city, subway, 40.73, 73.86
P00887, city, subway, 40.73, 73.86
P00888, city, subway, 40.74, 73.89
P00890, city, subway, 40.75, 73.90
P00891, city, subway, 40.75, 73.90
P00892, city, subway, 40.74, 73.89
P00893, city, subway, 40.75, 73.94
P00894, city, subway, 40.75, 73.94
P00895, city, subway, 40.74, 73.93
P00896, city, subway, 40.74, 73.93
P00897, city, subway, 40.74, 73.92
P00898, city, subway, 40.74, 73.92
P00899, city, subway, 40.74, 73.92
P00900, city, subway, 40.74, 73.91
P00901, city, subway, 40.74, 73.91
P00902, city, subway, 40.74, 73.91
P00903, city, subway, 40.74, 73.91
P00904, city, subway, 40.74, 73.91
P00905, city, subway, 40.74, 73.91
P00906, city, subway, 40.74, 73.89
P00907, city, subway, 40.74, 73.89
P00908, city, subway, 40.74, 73.89
P00909, city, subway, 40.74, 73.89
P00910, city, subway, 40.74, 73.89
P00911, city, subway, 40.74, 73.88
P00912, city, subway, 40.74, 73.88
P00913, city, subway, 40.74, 73.87
P00914, city, subway, 40.74, 73.87
P00915, city, subway, 40.74, 73.87
P00916, city, subway, 40.74, 73.86
P00917, city, subway, 40.74, 73.86
P00918, city, subway, 40.75, 73.85
P00919, city, subway, 40.75, 73.85
P00920, city, subway, 40.75, 73.85
P00921, city, subway, 40.75, 73.85
P00922, city, subway, 40.74, 73.88
P00923, city, subway, 40.74, 73.89
P00924, city, subway, 40.74, 73.94
P00925, city, subway, 40.74, 73.95
P00926, city, subway, 40.74, 73.95
P00927, city, subway, 40.74, 73.95
P00928, city, subway, 40.74, 73.95
P00929, city, subway, 40.74, 73.94
P00930, city, subway, 40.74, 73.94
P00931, city, subway, 40.75, 73.93
P00932, city, subway, 40.75, 73.93
P00933, city, subway, 40.75, 73.93
P00934, city, subway, 40.75, 73.93
P00935, city, subway, 40.76, 73.92
P00936, city, subway, 40.76, 73.92
P00937, city, subway, 40.76, 73.92
P00938, city, subway, 40.77, 73.91
P00939, city, subway, 40.69, 73.93
P00940, city, subway, 40.69, 73.91
P00941, city, subway, 40.69, 73.91
P00942, city, subway, 40.69, 73.91
P00943, city, subway, 40.70, 73.90
P00944, city, subway, 40.70, 73.90
P00945, city, subway, 40.70, 73.90
P00947, city, subway, 40.70, 73.90
P00948, city, subway, 40.69, 73.91
P00949, city, subway, 40.69, 73.91
P00950, city, subway, 40.69, 73.91
P00951, city, subway, 40.71, 74.00
P00952, city, subway, 40.71, 74.00
P00953, city, subway, 40.70, 74.01
P00954, city, subway, 40.70, 74.01
P00955, city, subway, 40.70, 74.01
P00956, city, subway, 40.70, 74.01
P00957, city, subway, 40.70, 74.01
P00958, city, subway, 40.70, 74.01
P00959, city, subway, 40.75, 73.92
P00960, city, subway, 40.75, 73.92
P00961, city, subway, 40.75, 73.91
P00962, city, subway, 40.74, 73.88
P00963, city, subway, 40.73, 73.87
P00964, city, subway, 40.72, 73.86
P00965, city, subway, 40.74, 73.90
P00966, city, subway, 40.74, 73.90
P00967, city, subway, 40.68, 73.82
P00968, city, subway, 40.68, 73.82
P00969, city, subway, 40.68, 73.82
P00970, city, subway, 40.68, 73.82
P00971, city, subway, 40.68, 73.82
P00972, city, subway, 40.68, 73.82
P00973, city, subway, 40.68, 73.82
P00974, city, subway, 40.60, 73.81
P00975, city, subway, 40.63, 73.82
P00976, city, subway, 40.63, 73.82
P00977, city, subway, 40.62, 73.82
P00978, city, subway, 40.62, 73.81
P00979, city, subway, 40.61, 73.81
P00980, city, subway, 40.64, 73.82
P00981, city, subway, 40.61, 73.81
P00982, city, subway, 40.60, 73.81
P00983, city, subway, 40.59, 73.80
P00984, city, subway, 40.60, 73.81
P00985, city, subway, 40.58, 73.83
P00986, city, subway, 40.65, 73.82
P00987, city, subway, 40.59, 73.79
P00988, city, subway, 40.59, 73.80
P00989, city, subway, 40.60, 73.75
P00990, city, subway, 40.60, 73.75
P00991, city, subway, 40.60, 73.76
P00992, city, subway, 40.60, 73.76
P00993, city, subway, 40.59, 73.76
P00994, city, subway, 40.59, 73.76
P00995, city, subway, 40.59, 73.77
P00996, city, subway, 40.59, 73.77
P00997, city, subway, 40.59, 73.78
P00998, city, subway, 40.59, 73.78
P00999, city, subway, 40.59, 73.79
P01000, city, subway, 40.59, 73.79
P01001, city, subway, 40.59, 73.80
P01002, city, subway, 40.60, 73.81
P01003, city, subway, 40.60, 73.81
P01004, city, subway, 40.59, 73.80
P01005, city, subway, 40.59, 73.81
P01006, city, subway, 40.59, 73.81
P01007, city, subway, 40.59, 73.81
P01008, city, subway, 40.58, 73.83
P01009, city, subway, 40.58, 73.83
P01010, city, subway, 40.58, 73.82
P01011, city, subway, 40.58, 73.82
P01012, city, subway, 40.58, 73.82
P01013, city, subway, 40.58, 73.82
P01014, city, subway, 40.58, 73.81
P01015, city, subway, 40.75, 73.97
P01016, city, subway, 40.66, 73.83
P01017, city, subway, 40.66, 73.83
P01018, city, subway, 40.66, 73.83
P01019, city, subway, 40.66, 73.83
P01020, city, subway, 40.67, 73.83
P01021, city, subway, 40.67, 73.83
P01022, city, subway, 40.68, 73.84
P01023, city, subway, 40.68, 73.84
P01024, city, subway, 40.68, 73.82
P01025, city, subway, 40.68, 73.82
P01026, city, subway, 40.68, 73.83
P01027, city, subway, 40.68, 73.83
P01028, city, subway, 40.68, 73.83
P01029, city, subway, 40.68, 73.83
P01030, city, subway, 40.67, 73.85
P01031, city, subway, 40.67, 73.85
P01032, city, subway, 40.67, 73.85
P01033, city, subway, 40.67, 73.85
P01034, city, subway, 40.67, 73.86
P01035, city, subway, 40.67, 73.86
P01036, city, subway, 40.67, 73.87
P01037, city, subway, 40.67, 73.87
P01038, city, subway, 40.67, 73.88
P01039, city, subway, 40.67, 73.88
P01040, city, subway, 40.67, 73.89
P01041, city, subway, 40.67, 73.89
P01042, city, subway, 40.67, 73.89
P01043, city, subway, 40.67, 73.89
P01044, city, subway, 40.67, 73.90
P01045, city, subway, 40.67, 73.90
P01046, city, subway, 40.67, 73.91
P01047, city, subway, 40.67, 73.91
P01048, city, subway, 40.67, 73.92
P01049, city, subway, 40.67, 73.92
P01050, city, subway, 40.67, 73.93
P01051, city, subway, 40.67, 73.93
P01052, city, subway, 40.67, 73.94
P01053, city, subway, 40.67, 73.94
P01054, city, subway, 40.68, 73.95
P01055, city, subway, 40.68, 73.95
P01056, city, subway, 40.68, 73.95
P01057, city, subway, 40.68, 73.95
P01058, city, subway, 40.68, 73.97
P01059, city, subway, 40.68, 73.97
P01060, city, subway, 40.67, 73.95
P01061, city, subway, 40.67, 73.95
P01062, city, subway, 40.67, 73.95
P01063, city, subway, 40.67, 73.95
P01071, city, subway, 40.80, 73.94
P01072, city, subway, 40.80, 73.94
P01073, city, subway, 40.80, 73.94
P01074, city, subway, 40.79, 73.94
P01075, city, subway, 40.69, 73.98
P01076, city, subway, 40.69, 73.98
P01077, city, subway, 40.68, 73.97
P01078, city, subway, 40.68, 73.97
P01079, city, subway, 40.68, 73.97
P01080, city, subway, 40.68, 73.97
P01081, city, subway, 40.68, 73.97
P01082, city, subway, 40.68, 73.97
P01083, city, subway, 40.67, 73.96
P01084, city, subway, 40.67, 73.96
P01085, city, subway, 40.66, 73.95
P01086, city, subway, 40.66, 73.95
P01087, city, subway, 40.66, 73.95
P01088, city, subway, 40.66, 73.95
P01089, city, subway, 40.65, 73.95
P01090, city, subway, 40.65, 73.95
P01091, city, subway, 40.65, 73.94
P01092, city, subway, 40.65, 73.94
P01093, city, subway, 40.64, 73.94
P01094, city, subway, 40.64, 73.94
P01095, city, subway, 40.63, 73.94
P01096, city, subway, 40.63, 73.94
P01097, city, subway, 40.63, 73.94
P01098, city, subway, 40.63, 73.94
P01099, city, subway, 40.63, 73.94
P01100, city, subway, 40.64, 73.94
P01101, city, subway, 40.66, 73.95
P01102, city, subway, 40.66, 73.95
P01103, city, subway, 40.66, 73.94
P01104, city, subway, 40.66, 73.94
P01105, city, subway, 40.66, 73.93
P01106, city, subway, 40.66, 73.93
P01107, city, subway, 40.66, 73.92
P01108, city, subway, 40.66, 73.92
P01109, city, subway, 40.66, 73.91
P01110, city, subway, 40.66, 73.91
P01111, city, subway, 40.66, 73.90
P01112, city, subway, 40.66, 73.90
P01113, city, subway, 40.66, 73.90
P01114, city, subway, 40.66, 73.90
P01115, city, subway, 40.66, 73.89
P01116, city, subway, 40.66, 73.89
P01117, city, subway, 40.66, 73.88
P01118, city, subway, 40.66, 73.88
P01119, city, subway, 40.66, 73.88
P01120, city, subway, 40.66, 73.88
P01121, city, subway, 40.66, 73.88
P01122, city, subway, 40.66, 73.89
P01123, city, subway, 40.66, 73.91
P01124, city, subway, 40.66, 73.91
P01125, city, subway, 40.66, 73.91
P01126, city, subway, 40.66, 73.92
P01127, city, subway, 40.66, 73.91
P01128, city, subway, 40.75, 73.97
P01129, city, subway, 40.75, 73.98
P01130, city, subway, 40.71, 73.95
P01131, city, subway, 40.71, 73.95
P01132, city, subway, 40.71, 73.94
P01133, city, subway, 40.71, 73.94
P01134, city, subway, 40.70, 73.93
P01135, city, subway, 40.70, 73.93
P01136, city, subway, 40.70, 73.92
P01137, city, subway, 40.70, 73.92
P01138, city, subway, 40.71, 73.94
P01139, city, subway, 40.70, 73.93
P01140, city, subway, 40.69, 73.90
P01141, city, subway, 40.69, 73.90
P01142, city, subway, 40.68, 73.90
P01143, city, subway, 40.68, 73.90
P01144, city, subway, 40.67, 73.90
P01145, city, subway, 40.67, 73.90
P01146, city, subway, 40.66, 73.90
P01147, city, subway, 40.66, 73.90
P01148, city, subway, 40.65, 73.89
P01149, city, subway, 40.65, 73.89
P01150, city, subway, 40.64, 73.90
P01151, city, subway, 40.64, 73.89
P01152, city, subway, 40.66, 73.90
P01153, city, subway, 40.66, 73.90
P01154, city, subway, 40.67, 73.90
P01155, city, subway, 40.68, 73.91
P01156, city, subway, 40.68, 73.92
P01157, city, subway, 40.69, 73.92
P01158, city, subway, 40.69, 73.92
P01159, city, subway, 40.68, 73.91
P01160, city, subway, 40.68, 73.91
P01161, city, subway, 40.68, 73.91
P01162, city, subway, 40.68, 73.91
P01163, city, subway, 40.67, 73.89
P01164, city, subway, 40.67, 73.90
P01165, city, subway, 40.67, 73.89
P01166, city, subway, 40.67, 73.89
P01167, city, subway, 40.67, 73.89
P01168, city, subway, 40.67, 73.89
P01169, city, subway, 40.68, 73.88
P01170, city, subway, 40.68, 73.88
P01171, city, subway, 40.68, 73.87
P01172, city, subway, 40.68, 73.87
P01173, city, subway, 40.68, 73.87
P01174, city, subway, 40.68, 73.87
P01175, city, subway, 40.69, 73.86
P01176, city, subway, 40.69, 73.86
P01177, city, subway, 40.69, 73.86
P01178, city, subway, 40.69, 73.85
P01179, city, subway, 40.69, 73.84
P01180, city, subway, 40.69, 73.84
P01181, city, subway, 40.69, 73.83
P01182, city, subway, 40.69, 73.83
P01183, city, subway, 40.70, 73.82
P01184, city, subway, 40.70, 73.82
P01185, city, subway, 40.70, 73.82
P01186, city, subway, 40.70, 73.82
P01187, city, subway, 40.70, 73.82
P01188, city, subway, 40.70, 73.82
P01189, city, subway, 40.70, 73.82
P01190, city, subway, 40.70, 73.81
P01191, city, subway, 40.69, 73.83
P01192, city, subway, 40.69, 73.84
P01193, city, subway, 40.69, 73.85
P01194, city, subway, 40.75, 73.96
P01195, city, subway, 40.75, 73.96
P01196, city, subway, 40.82, 73.92
P01197, city, subway, 40.82, 73.92
P01198, city, subway, 40.83, 73.91
P01199, city, subway, 40.83, 73.91
P01200, city, subway, 40.83, 73.91
P01201, city, subway, 40.83, 73.91
P01202, city, subway, 40.83, 73.91
P01203, city, subway, 40.83, 73.91
P01204, city, subway, 40.84, 73.91
P01205, city, subway, 40.84, 73.91
P01206, city, subway, 40.85, 73.90
P01207, city, subway, 40.85, 73.90
P01208, city, subway, 40.84, 73.90
P01209, city, subway, 40.85, 73.90
P01210, city, subway, 40.85, 73.90
P01211, city, subway, 40.84, 73.90
P01212, city, subway, 40.86, 73.89
P01213, city, subway, 40.86, 73.89
P01214, city, subway, 40.86, 73.89
P01215, city, subway, 40.86, 73.89
P01216, city, subway, 40.86, 73.89
P01217, city, subway, 40.86, 73.89
P01218, city, subway, 40.87, 73.88
P01219, city, subway, 40.87, 73.88
P01220, city, subway, 40.86, 73.89
P01221, city, subway, 40.87, 73.87
P01222, city, subway, 40.87, 73.87
P01223, city, subway, 40.87, 73.88
P01224, city, subway, 40.69, 73.98
P01225, city, subway, 40.69, 73.98
P01226, city, subway, 40.68, 73.99
P01227, city, subway, 40.68, 73.99
P01228, city, subway, 40.68, 73.99
P01229, city, subway, 40.68, 73.99
P01230, city, subway, 40.67, 73.98
P01231, city, subway, 40.67, 73.98
P01232, city, subway, 40.66, 73.97
P01233, city, subway, 40.66, 73.97
P01234, city, subway, 40.65, 73.97
P01235, city, subway, 40.65, 73.97
P01236, city, subway, 40.63, 73.97
P01237, city, subway, 40.63, 73.97
P01238, city, subway, 40.62, 73.97
P01239, city, subway, 40.62, 73.97
P01240, city, subway, 40.62, 73.97
P01241, city, subway, 40.62, 73.97
P01242, city, subway, 40.62, 73.97
P01243, city, subway, 40.62, 73.97
P01244, city, subway, 40.61, 73.97
P01245, city, subway, 40.61, 73.97
P01246, city, subway, 40.60, 73.97
P01247, city, subway, 40.60, 73.97
P01248, city, subway, 40.60, 73.97
P01249, city, subway, 40.60, 73.97
P01250, city, subway, 40.58, 73.97
P01251, city, subway, 40.58, 73.97
P01252, city, subway, 40.59, 73.97
P01255, city, subway, 40.63, 73.97
P01256, city, subway, 40.60, 73.97
P01257, city, subway, 40.61, 73.97
P01258, city, subway, 40.62, 73.97
P01259, city, subway, 40.63, 73.97
P01260, city, subway, 40.64, 73.97
P01261, city, subway, 40.59, 73.97
P01262, city, subway, 40.59, 73.97
P01264, city, subway, 40.58, 73.97
P01267, city, subway, 40.57, 73.97
P01270, city, subway, 40.58, 73.97
P01276, city, subway, 40.68, 73.96
P01277, city, subway, 40.68, 73.96
P01279, city, subway, 40.69, 73.94
P01280, city, subway, 40.69, 73.94
P01282, city, subway, 40.70, 73.95
P01283, city, subway, 40.70, 73.95
P01285, city, subway, 40.72, 73.95
P01286, city, subway, 40.72, 73.95
P01287, city, subway, 40.76, 73.96
P01288, city, subway, 40.81, 73.92
P01289, city, subway, 40.81, 73.92
P01290, city, subway, 40.81, 73.91
P01291, city, subway, 40.81, 73.91
P01292, city, subway, 40.81, 73.92
P01293, city, subway, 40.82, 73.89
P01294, city, subway, 40.83, 73.88
P01295, city, subway, 40.84, 73.88
P01296, city, subway, 40.85, 73.86
P01297, city, subway, 40.85, 73.86
P01298, city, subway, 40.85, 73.86
P01299, city, subway, 40.85, 73.85
P01300, city, subway, 40.85, 73.85
P01301, city, subway, 40.86, 73.85
P01302, city, subway, 40.86, 73.84
P01303, city, subway, 40.86, 73.84
P01304, city, subway, 40.87, 73.83
P01305, city, subway, 40.87, 73.83
P01306, city, subway, 40.88, 73.83
P01307, city, subway, 40.88, 73.83
P01308, city, subway, 40.78, 73.94
P01309, city, subway, 40.78, 73.95
P01310, city, subway, 40.87, 73.88
P01311, city, subway, 40.81, 73.92
P01312, city, subway, 40.80, 73.91
P01313, city, subway, 40.80, 73.91
P01314, city, subway, 40.80, 73.91
P01315, city, subway, 40.80, 73.91
P01316, city, subway, 40.80, 73.90
P01317, city, subway, 40.80, 73.90
P01318, city, subway, 40.81, 73.90
P01319, city, subway, 40.81, 73.90
P01320, city, subway, 40.81, 73.89
P01321, city, subway, 40.81, 73.89
P01322, city, subway, 40.82, 73.89
P01323, city, subway, 40.82, 73.89
P01324, city, subway, 40.82, 73.88
P01325, city, subway, 40.82, 73.88
P01326, city, subway, 40.82, 73.87
P00044_hudsonmiseq, city, subway, 40.68, 73.97
P00044, city, subway, 40.68, 73.97
P00053_hudsonmiseq, city, subway, 40.69, 73.91
P00053, city, subway, 40.69, 73.91
P00059_hudsonmiseq, city, subway, 40.73, 73.99
P00059, city, subway, 40.73, 73.99
P00119, city, subway, 40.71, 73.98
P00121_hudsonmiseq, city, subway, 40.71, 73.97
P00121, city, subway, 40.71, 73.97
P00123_hudsonmiseq, city, subway, 40.70, 73.95
P00123, city, subway, 40.70, 73.95
P01327, city, subway, 40.82, 73.87
P01328, city, subway, 40.82, 73.87
P01329, city, subway, 40.82, 73.87
P01330, city, subway, 40.83, 73.86
P01331, city, subway, 40.83, 73.86
P01332, city, subway, 40.83, 73.86
P01333, city, subway, 40.83, 73.86
P01334, city, subway, 40.83, 73.85
P01335, city, subway, 40.83, 73.85
P01336, city, subway, 40.83, 73.84
P01337, city, subway, 40.83, 73.84
P01338, city, subway, 40.83, 73.84
P01339, city, subway, 40.83, 73.84
P01340, city, subway, 40.84, 73.83
P01341, city, subway, 40.84, 73.83
P01342, city, subway, 40.84, 73.83
P01343, city, subway, 40.84, 73.83
P01344, city, subway, 40.85, 73.82
P01345, city, subway, 40.85, 73.82
P01346, city, subway, 40.85, 73.82
P01347, city, subway, 40.84, 73.83
P01348, city, subway, 40.85, 73.82
P01349, city, subway, 40.84, 73.83
P01350, city, subway, 40.85, 73.82
P01351, city, subway, 40.84, 73.83
P01352, city, subway, 40.85, 73.82
P01353, city, subway, 40.84, 73.84
P01354, city, subway, 40.85, 73.82
P01355, city, subway, 40.84, 73.84
P01356, city, subway, 40.85, 73.82
P01357, city, subway, 40.83, 73.84
P01358, city, subway, 40.85, 73.82
P01359, city, subway, 40.83, 73.84
P01360, city, subway, 40.85, 73.82
P01361, city, subway, 40.85, 73.82
P01362, city, subway, 40.68, 73.99
P01363, city, subway, 40.67, 73.98
P01364, city, subway, 40.67, 73.98
P01365, city, subway, 40.67, 73.98
P01366, city, subway, 40.66, 73.99
P01367, city, subway, 40.66, 73.99
P01368, city, subway, 40.66, 73.99
P01369, city, subway, 40.66, 73.99
P01370, city, subway, 40.65, 73.99
P01371, city, subway, 40.64, 74.01
P01372, city, subway, 40.64, 74.01
P01373, city, subway, 40.64, 74.01
P01374, city, subway, 40.64, 74.01
P01375, city, subway, 40.65, 73.99
P01376, city, subway, 40.63, 74.02
P01377, city, subway, 40.63, 74.02
P01378, city, subway, 40.62, 74.02
P01379, city, subway, 40.62, 74.02
P01380, city, subway, 40.62, 74.02
P01381, city, subway, 40.62, 74.02
P01382, city, subway, 40.63, 74.01
P01383, city, subway, 40.63, 74.01
P01384, city, subway, 40.63, 74.01
P01385, city, subway, 40.63, 74.01
P01386, city, subway, 40.63, 74.00
P01387, city, subway, 40.63, 74.00
P01388, city, subway, 40.63, 74.00
P01389, city, subway, 40.62, 73.99
P01390, city, subway, 40.62, 73.99
P01391, city, subway, 40.62, 73.98
P01392, city, subway, 40.62, 73.99
P01393, city, subway, 40.62, 73.99
P01394, city, subway, 40.61, 73.98
P01395, city, subway, 40.61, 73.98
P01396, city, subway, 40.61, 73.98
P01397, city, subway, 40.61, 73.98
P01398, city, subway, 40.61, 73.98
P01399, city, subway, 40.61, 73.98
P01400, city, subway, 40.60, 73.98
P01401, city, subway, 40.60, 73.98
P01402, city, subway, 40.59, 73.97
P01403, city, subway, 40.59, 73.97
P01404, city, subway, 40.59, 73.97
P01405, city, subway, 40.59, 73.97
P01406, city, subway, 40.84, 73.91
P01407, city, subway, 40.84, 73.90
P01408, city, subway, 40.84, 73.90
P01409, city, subway, 40.85, 73.90
P01410, city, subway, 40.85, 73.89
P01411, city, subway, 40.85, 73.90
P01412, city, subway, 40.84, 73.90
P01450, city, subway, 40.67, 73.97
P01453, city, subway, 40.66, 73.96
P01454, city, subway, 40.66, 73.96
P01459, city, subway, 40.65, 73.96
P01461, city, subway, 40.64, 73.96
P01465, city, subway, 40.62, 73.96
P01467, city, subway, 40.61, 73.95
P01469, city, subway, 40.59, 73.95
P01470, city, subway, 40.59, 73.95
P01472, city, subway, 40.58, 73.95
P01473, city, subway, 40.57, 73.96
P01474, city, subway, 40.57, 73.96
P01480, city, subway, 40.58, 73.98
P01482, city, subway, 40.60, 73.99
P01485, city, subway, 40.60, 73.99
P01488, city, subway, 40.61, 74.00
P01489, city, subway, 40.63, 74.01
P01490, city, subway, 40.63, 74.01
P01492, city, subway, 40.63, 73.99
P01495, city, subway, 40.64, 73.99
P01497, city, subway, 40.75, 73.99
P01498, city, subway, 40.75, 73.99
P01499, city, subway, 40.75, 73.99
P01500, city, subway, 40.75, 73.99
P01501, city, subway, 40.75, 73.99
P01502, city, subway, 40.75, 73.99
P01503, city, subway, 40.75, 73.99
P01504, city, subway, 40.75, 73.99
P01505, city, subway, 40.75, 73.99
P01506, city, subway, 40.75, 73.99
P01507, city, subway, 40.75, 73.99
P01508, city, subway, 40.75, 73.99
P01509, city, subway, 40.75, 73.99
P01510, city, subway, 40.75, 73.99
P01511, city, subway, 40.75, 73.99
P01512, city, subway, 40.75, 73.99
P01513, city, subway, 40.75, 73.99
P01514, city, subway, 40.75, 73.99
P01515, city, subway, 40.75, 73.99
P01516, city, subway, 40.75, 73.99
P01517, city, subway, 40.75, 73.99
P01518, city, subway, 40.75, 73.99
P01519, city, subway, 40.75, 73.99
P01520, city, subway, 40.75, 73.99
P01521, city, subway, 40.75, 73.99
P01522, city, subway, 40.75, 73.99
P01523, city, subway, 40.75, 73.99
P01524, city, subway, 40.75, 73.99
P01525, city, subway, 40.75, 73.99
P01526, city, subway, 40.75, 73.99
P01527, city, subway, 40.75, 73.99
P01528, city, subway, 40.75, 73.99
P01529, city, subway, 40.75, 73.99
P01530, city, subway, 40.75, 73.99
P01531, city, subway, 40.75, 73.99
P01532, city, subway, 40.75, 73.99
P01533, city, subway, 40.75, 73.99
P01534, city, subway, 40.75, 73.99
P01535, city, subway, 40.75, 73.99
P01536, city, subway, 40.75, 73.99
P01537, city, subway, 40.75, 73.99
P01538, city, subway, 40.75, 73.99
P01600, city, subway, 40.88, 73.87
P01601, city, subway, 40.88, 73.88
P01602, city, subway, 40.87, 73.88
P01603, city, subway, 40.86, 73.89
P01604, city, subway, 40.86, 73.90
P01605, city, subway, 40.85, 73.90
P01606, city, subway, 40.85, 73.90
P01607, city, subway, 40.84, 73.91
P01608, city, subway, 40.84, 73.91
P01609, city, subway, 40.83, 73.91
P01610, city, subway, 40.83, 73.92
P01611, city, subway, 40.81, 73.91
P01612, city, subway, 40.83, 73.92
P01613, city, subway, 40.81, 73.91
PAB001, city, subway, 40.70, 74.01
PAB002, city, subway, 40.70, 74.01
PAB003, city, subway, 40.70, 74.01
PAB004, city, subway, 40.70, 74.01
PAB005, city, subway, 40.70, 74.01
PAB006, city, subway, 40.70, 74.01
PAB007, city, subway, 40.70, 74.01
PAB008, city, subway, 40.70, 74.01
PAB009, city, subway, 40.70, 74.01
PAB010, city, subway, 40.70, 74.01
PAB11, city, subway, 40.70, 74.01
PAB12, city, subway, 40.70, 74.01
PAB13, city, subway, 40.70, 74.01
PAB14, city, subway, 40.70, 74.01
PAB15, city, subway, 40.70, 74.01
PAB16, city, subway, 40.70, 74.01
PAB17, city, subway, 40.70, 74.01
PAB18, city, subway, 40.70, 74.01
PAB19, city, subway, 40.70, 74.01
PAB20, city, subway, 40.70, 74.01
PAB21, city, subway, 40.70, 74.01
PAB22, city, subway, 40.70, 74.01
PAB23, city, subway, 40.70, 74.01
PAB24, city, subway, 40.70, 74.01
PAB25, city, subway, 40.70, 74.01
PAB26, city, subway, 40.70, 74.01
PAB27, city, subway, 40.70, 74.01
PAB28, city, subway, 40.70, 74.01
PAB29, city, subway, 40.70, 74.01
PAB30, city, subway, 40.70, 74.01
PATHOMAP_Mix, not applicable, not applicable, not applicable
PFALL34, city, subway, 40.73, 73.98
PFALL36, city, subway, 40.71, 74.00
PFALL37, city, subway, 40.71, 74.00
PositiveControl_NARG1, not applicable, not applicable, not applicable
PositiveControl_NARG2, not applicable, not applicable, not applicable
PQiagenBeadWash928-1, city, subway, 40.76, 73.96
PQiagenBeadWash928-10, city, subway, 40.76, 73.96
PQiagenBeadWash928-11, city, subway, 40.76, 73.96
PQiagenBeadWash928-12, city, subway, 40.76, 73.96
PQiagenBeadWash928-2, city, subway, 40.76, 73.96
PQiagenBeadWash928-3, city, subway, 40.76, 73.96
PQiagenBeadWash928-5, city, subway, 40.76, 73.96
PQiagenBeadWash928-7, city, subway, 40.76, 73.96
PQiagenBeadWash928-8, city, subway, 40.76, 73.96
PQiagenBeadWash928-9, city, subway, 40.76, 73.96
GCSS-00, aquatic, fish gut, not applicable
GCSS-01, aquatic, canal, 40.68, 73.98
GCSS-02, aquatic, canal, 40.68, 73.98
GCSS-03, aquatic, canal, 40.67, 73.98
GCSS-04, aquatic, canal, 40.67, 73.98
GCSS-05, aquatic, canal, 40.67, 73.98
GCSS-06, aquatic, canal, 40.67, 73.99
GCSS-07, aquatic, canal, 40.67, 73.99
GCSS-08, aquatic, canal, 40.67, 73.98
GCSS-09, aquatic, canal, 40.67, 73.99
GCSS-10, aquatic, canal, 40.67, 73.99
GCSS-11, aquatic, canal, 40.67, 73.99
GCSS-12, aquatic, canal, 40.67, 73.99
GCSS-13, aquatic, canal, 40.67, 73.99
GCSS-14, aquatic, canal, 40.67, 73.99

